{
  "classification_report": {
    "0": {
      "precision": 0.8235294117647058,
      "recall": 0.865979381443299,
      "f1-score": 0.8442211055276382,
      "support": 97.0
    },
    "1": {
      "precision": 0.75,
      "recall": 0.6842105263157895,
      "f1-score": 0.7155963302752294,
      "support": 57.0
    },
    "accuracy": 0.7987012987012987,
    "macro avg": {
      "precision": 0.7867647058823529,
      "recall": 0.7750949538795442,
      "f1-score": 0.7799087179014338,
      "support": 154.0
    },
    "weighted avg": {
      "precision": 0.7963139801375095,
      "recall": 0.7987012987012987,
      "f1-score": 0.7966132341679804,
      "support": 154.0
    }
  }
}