{
  "0": {
    "precision": 0.843351548269581,
    "recall": 0.926,
    "f1-score": 0.882745471877979,
    "support": 500.0
  },
  "1": {
    "precision": 0.8302752293577982,
    "recall": 0.6779026217228464,
    "f1-score": 0.7463917525773196,
    "support": 267.0
  },
  "accuracy": 0.8396349413298566,
  "macro avg": {
    "precision": 0.8368133888136896,
    "recall": 0.8019513108614232,
    "f1-score": 0.8145686122276493,
    "support": 767.0
  },
  "weighted avg": {
    "precision": 0.8387995572012029,
    "recall": 0.8396349413298566,
    "f1-score": 0.8352794444291184,
    "support": 767.0
  }
}