{
  "accuracy": 0.8396349413298566,
  "precision": 0.8387995572012029,
  "recall": 0.8396349413298566,
  "f1_score": 0.8352794444291184
}